Ground Truth,GCV DP,ED GCV DP,AWS DP,ED AWS DP,Azure DP,ED Azure DP,MP DP,ED MP DP
"num = int(input(""Enter a number: ""))
Ans = 1
while num > 1:
    Ans *= num
    num -= 1
return Ans
","int(input(""Enter a number: ""))
num = Ans = 1
while num > 1:
    Ans *= num
    num -= 1
return Ans
",12,"num = int(input(""Enter a number: ""))
Ans = 1
while num > 1:
    Ans *= num
    num -= 1
return Ans
",0,"num = int(input(""Enter a number: ""))
Ans = 1
while num > 1:
    Ans *= num
    num -= 1
return Ans
",0,"num = int(input(""Enter a number: ""))
Ans = 1
while num > 1:
    Ans *= num
    num -= 1
retirn Ans
",1
"from karel.stanfordkarel import *

# This program makes Karel pick up a beeper and go back into her house.


def main():
    # Move to the beeper.
    move_beeper()
    # Pick the beeper up.
    pick_beeper()
    # Return to Karel's starting point.
    go_back()


# This function moves Karel to the beeper.


def move_beeper():
    for i in range(2):
        move()
    turn_right()
    move()
    turn_left()
    move()


# This function return to Karel's starting point.


def go_back():
    for i in range(2):
        turn_left()
    for i in range(3):
        move()
    turn_right()
    move()
    turn_right()


def turn_right():
    for i in range(3):
        turn_left


if __name__ == ""__main__"":
    main()
","from Karel.stanfordkarel import *

# This program makes Karel pick up a beeper and go back into her house.


def main():
    # Move to the beeper.
    move_beeper()
    # Pick the beeper up.
    pick_beeper()
    # Return to Karel's starting point.
    go_back()


# This function moves Karel to the beeper.


def move_beeper():
    for i in range(2):
        move()
        turn_right()
        move()
        turn_left()
        move()


# This function return to Karel's starting point.


def go_back():
    for i in range(3):
        turn_left()
        for i in range(3):
            move()
            turn_right()
            move()
            turn_right()


def turn_right():
    for i in range(3):
        turn_left()


if __name__ == ""__main__"":
    main()
",52,"from karel.stanfordkarel import *

# This program makes Karel pick up
# a beeper and go back into her house.


def main():
    # Move to the beeper.
    move_beeper()
    # Pick the beeper up.
    pick_beeper()
    # Return to Karel's starting point.
    go_back()


# This function moves Karel to the beeper.


def move_beeper():
    for i in range(2):
        move()
        turn_right()
        move()
        turn_left()
        move()


# this function return to Karel's starting point


def go_back():
    for i in range(2):
        turn_left()
    for i in range(3):
        move()
        turn_right()
        move()
        turn_right()


def turn_right():
    for i in range(3):
        turn_left()


if __name__ == ""__main__"":
    main()
",34,"from karel.stanfordkarel import *

# This program makes Karel pick up
# a beeper and go back into her house.


def main():
    # Move to the beeper.
    move_beeper()
    # Pick the beeper up.
    pick_beeper()
    # Return to Karel's starting point.
    go_back()


# This function moves karel to the beeper.


def move_beeper():
    for i in range(2):
        move()
        turn_right()
        move()
        turn_left()
        move()


# this function return to Karel's starting point


def go_back():
    for i in range(2):
        turn_left()
        for i in range(3):
            move()
        turn_right()
        move()
        turn_right()


def turn_right():
    for i in range(3):
        turn_left()


if __name__ == ""__main__"":
    main()
",43,"from Karel.stanfordkarel import *  # This program makes Karel pick up a beeper and go back into her house.


def main():
    # Move to the beeper.
    move_beeper()
    # Pick the beeper up.
    pick_beeper()
    # Return to Karel's starting point.
    go_back()


# This function moves Karel to the beeper.


def move_beeper():
    for i in range(2):
        move()
        turn_right()
        move()
        turn_left()
        move()


# this function return to Karel's starting point


def go_back():
    for i in range(2):
        for i in range(3):
            move()
            turn_right()


def turn_right():
    for i in range(3):
        turn_left()


if __name__ == ""__main__"":
    main()
",63
"def main():
    # input
    my_word = input(""Enter the original word: "")
    # function calling
    reversed_word = reverse(my_word)
    print(""The reversed word is"" + "" "" + '""' + reversed_word + '""')


# Helper function


def reverse(word):
    # reversed_word
    new_word = """"
    # char by char
    for char in word:
        new_word = char + new_word
    # return
    return new_word


if __name__ == ""__main__"":
    main()
","def main():
    # imput
    my_word = imput(""Enter the original word: "")
    # Function calling
    reversed_word = reverse(my_word)
    print(""The reversed word is "" + reversed_word)


# Helper Function


def reverse(word):
    # reversed word
    new_word = """"
    # step by char
    for char in word:
        new_word = char + new_word
    return new_word


main()
",70,"def main():
    # input
    my_word = input(""Enter The original word: "")
    # Function calling
    reversed_word = reverse(my_word)
    print(""The reversed word is: "", reversed_word)


# Helper Function


def reverse(word):
    # reversed_word
    new_word = """"
    # start by char
    for char in word:
        new_word = char + new_word
    # return
    return new_word


if __name__ == ""__main__"":
    main()
",25,"def main():
    my_word = input(""Enter The original word : "")
    # Function calling
    reversed_word = reverse(my_word)
    print(""the reversed word is "" + reversed_word)


# Helper Function


def reverse(word):
    # reversed word
    new_word = """"
    # char by char
    for char in word:
        new_word = char + new_word
    # return
    return new_word


if __name__ == ""__main__"":
    main()
",35,"def main():
    my_word = input(""Enter the original word: "")


# Helper Function


def reverse(word):
    reversed_word = """"
    for char in word:
        reversed_word = char + reversed_word
    return new_word
",240
"input_number = int(input(""Enter number""))
val = input_number
result = input_number
while val > 1:
    val = val - 1
    result = result * val
print(""factorial for "" + str(input_nmb) + "" is "" + str(result))
","input_number = int(input(""Enter number""))
val = input_number
result = input_number
while val > 1:
    val = val - 1
    result = result * val
print(""factorial for "" + str(input_number) + "" is "" + str(result))
",3,"input_number = int(input(""Enter number""))
val = input_number
result = input_number
while val > 1:
    val = val - 1
    result = result * val
print(""factorial for"", str(input_number), str(result))
",16,"input_number = int(input(""Enter number""))
val = input_number
result = input_number
while val > 1:
    val = val - 1
    result = result & val
print(""factorial of "" + str(input_number) + "" is "" + str(result))
",6,"input_number = int(input(""Enter number""))
val = input_number
result = input_number
while val > 1:
    val = val - 1
    result = result - 1
print(""factorial for "" + str(input_number) + "" is "" + str(result))
",7
"def main():
    num = input(""input: "")
    sum = 0
    for n in num:
        sum += int(n)
    print(sum)
","def main():
    num = input(""imput :"")
    sum = 0
    for n in num:
        sum += int(n)
    print(sum)
",3,"def main():
    num = input(""Input: "")
    sum = 0
    for n in num:
        sum += int(n)
    print(sum)
",1,"def main():
    num = input(""Input: "")
    sum = 0
    for n in num:
        sum += int(n)
    print(sum)
",1,"def main(C):
    num = input(""input: "")
    sum = 0
    for n in num:
        sum = int(n)
    print(sum)
",2
"def main():
    num = input(""enter the number you want to add"")
    sum = 0
    for i in str(num):
        sum = sum + int(i)
    print(""sum of the value you entered is"", sum)
","def main(s):
    num = input(""enter the number you want to add"")
    sum = 0
    for i in str(num):
        sum = sum + int(i)
    print(""sum of the value you entered is"", sum)
",1,"def main(s):
    num = input(""enter the number you want to odd"")
    Sum = 0
    for i in str(num):
        Sum = Sum + int(i)
    print(""sum of the Value you entered is, "", Sum)
",9,"def main():
    num = input(""enter the number you want to add"")
    Sum = 0
    for i in str(num):
        Sum = Sum + int(i)
    print(""sum of the value you entered is"", Sum)
",4,"def main():
    num = input(""enter the number you want to add"")
    sum = 0
    for i in str(num):
        sum = sum + int(i)
    print(""sum of the value you entered is"", sum)
",0
"user_input = input(""Write your string here: "")
upper = user_input.upper()
print(upper)
","input = input(""write your string here: "")
user_upper = user_input.upper()
print(upper)
",11,"user_input = input(""write your string here:"")
upper = user_input.upper(1)
print(upper)
",3,"user_input = input(""write your string here: "")
Upper = user_input.upper()
print(Upper)
",3,"user_input = imput(""write your string here: "")
upper = user_input.upper()
print(upper)
",2
"from karel.stanfordkarel import *

""""""
Karel should fill the whole world with beepers.
""""""


def main():
    # decomposition using a function name for
    # each associated activity
    while left_is_clear():
        fill_one_row()
        return_to_row_start()
        move_up()
    # rewrite code after while loop to overcome
    # fencepost bug
    fill_one_row()
","from Karel, starfordkarel import *
# Karel should fill the world with beepers.

def main ():
    # Decomposition using a function
    # Each associated activity
    while left_ is_clear():
        fill_one_row()
        return_to_row_start()
    # Rewrite code after white loop to overcome fencepost bug
    move_up()
    fill_one_row()
",73,"from karel.stanfordkarel import *

# karel should fill the world with beepers.


def main():
    # decomposition using a function name for
    # each associated activity
    while left_is_clean:
        retur_to_row_start()
        fill_one_row()
        move_up()
    # rewrite code after while loop to overcome
    # fencepost bug
    fill_one_row()
",47,"from karel.stanfordkarel import *

# Karel should fill the world with beepers.


def main():
    # decomposition using a function name for
    # each associated activity
    while left_is_clear():
        fill_one_row()
        return_to_row_start()
        move_up()
    # rewrite code after while loop to overcome
    # fencepost bug
    fill_one_row()
",14,"from karel.stanfordkarel import *

""""""
karel should fill the world with beepers.
""""""


def main():
    # decomposition using a function rave for
    # each associated activity
    while left_is_clear():
        fill_one_row()
        return_to_row_start()
        move_up()
    # rewrite code after white loop to overcome
    # fencepost bug
    fill_one_row()
",10
"from karel.stanfordkarel import *


def main():
    move()
    move()
    turn_right()
    move()
    turn_left()
    move()
    pick_beeper()
    return_home()


def return_home():
    turn_around()
    move()
    turn_right()
    move()
    turn_left()
    move()
    move()
    turn_around()


def turn_right():
    for i in range(3):
        turn_left()


def turn_around():
    for i in range(2):
        turn_left()


if __name__ == ""__main__"":
    main()
","from karel.stanfordkarel import *


def main():
    move()
    move()
    turn_right()
    move()
    turn_left()
    move()
    pick_beeper()
    return_home()


def return_home():
    turn_around()
    move()
    turn_right()
    move()
    turn_left()
    move()
    move()
    turn_around()


def turn_right():
    for i in range(3):
        turn_left()


def turn_around():
    for i in range(2):
        turn_left()


if __name__ == ""__main__"":
    main()
",0,"from karel.stamfordkaral import *

def main():
    move()
    move()
    turn-right()
    move()
    turn-left()
    move()
    pick. beeper()
    return-home()

def return_home():
    t#urn_around()
    move()
    turn_right(?
    move ()
    turn- left()
    movel)
    move()
    turn_around()

def turn-right():
    for i in range (3):
        turn- left()

def turn. around ():
    for i in range (2):
        turn-left()
if name - main' :
    mainl
",42,"from karel.stanfordkarel import *


def main():
    move()
    move()
    turn_right()
    move()
    turn_left()
    move()
    pick_beeper()
    return_home()


def return_home():
    turn_around()
    move()
    turn_right()
    move()
    turn_left()
    move()
    move()
    turn_around()


def turn_right():
    for i in range(3):
        turn_left()


def turn_around():
    for i in range(2):
        turn_left()


if __name__ == ""__main__"":
    main()
",0,"from karel.stanfordkarel import *


def main():
    move()
    move()
    turn_right()
    move()
    turn_left()
    move()
    pick_beeper()
    return_home()


def return_home():
    turn_around()
    move()
    turn_right()
    move()
    turn_left()
    move()
    move()
    turn_around()


def turn_right():
    for i in range(3):
        turn_left()


def turn_around():
    for i in range(2):
        turn_left()


if __name__ == ""__main__"":
    main()
",0
"def main():
    vowel_count = 0
    vowels = [""a"", ""e"", ""i"", ""o"", ""u""]
    input_string = input(""Enter the string: "")
    input_string = input_string.lower()
    for char in input_string:
        for vowel in vowels:
            if char == vowel:
                vowel_count += 1
    print(vowel_count)


if __name__ == ""__main__"":
    main()
","def main():
    rauel_caunl = 0
    vawels = [""a"", ""e"", ""i"", ""0"", ""u""]
    input_string = input(""Enter the string:"")
    impret_string = input_string.lower()
    for chaor in impret_string:
        for vauvel in vawels:
            if chaor == vauvel:
                rauel_caunl += 1
    print(rauel_caunl)


if __name__ == ""__main__"":
    main()
",33,"def main():
    vowel_count = 0
    vowels = [""a"", ""e"", ""i"", ""o"", ""u""]
    input_string = input(""Enter the string: "")
    input_string.lower()
    for char in input_string:
        for vowel in vowels:
            if char == vowel:
                vowel_count += 1
    print(vowel_count)


if __name__ == ""__main__"":
    main()
",15,"nan
",339,"def main():
    vouel_caunt = 0
    input_string = input(""Enter the string:"")
    input_string = input_string.lower()
    for char in input_string:
        for vauel in ""aeiou"":
            if char == vauel:
                vouel_caunt += 1
    print(vouel_caunt)


if __name__ == ""__main__"":
    main()
",57
"def main():
    string = str(input(""Enter string: ""))
    for i in range((len(string) - 1), -1, -1):
        print(string[i])
","def main ():
    string = str (input ('Enter string: '))
    for i in range
    print (string[i])
    ((len(string)-1),-1,-1):
",47,"I'm sorry, but the OCR output provided is too garbled to accurately translate into Python code. Could you please provide a clearer image or text?
",120,"def main():
    string = str(input(""Enter string: ""))
    for i in range((len(string) - 1), -1, -1):
        print(string[i])
",0,"def main():
    string = str(input(""Enter string: IJ)""))
    for i in range((len(string) - 1), -1, -1):
        print(string[i])
",3
"seq = [1, 2, 3, 4, 5, 6, 7, 8, 9]
seq_even = []
# It check every element in list(sequence) --
for i in seq:
    # It decides whether an element from sequence is even ---
    if i % 2 == 0:
        seq_even.append(i)  # appends even i in empty list(seq_even)
print(seq_even)
","seq = [1, 2, 3, 4, 5, 6, 7, 8, 9]
seq_even = []
#It checks every element in dist (sequence)--
for i in seq:
#it decides whether an element from sequence is even ---
if i % 2 == 0:
seq_even.append(i) #appends even i in empty list (seq_even)
print (seq_even)
",27,"seq = [1, 2, 3, 4, 5 , 6, 7, 8, ]
seq_even = [ ]
# It checks every element in list (sequence)
for i in seq:
# it decides whether an element from sequence is even
if i % 2 == 0:
seq_even.append(i) # appends even i in empty list (seq_even)
print(seq_even)
",31,"seq = [1, 2, 3, 4, 5, 6, 7, 8, 9]
seq_even = []
# It checks every element in list (sequence) --
for i in seg:
    # it decides whether an element from sequence is even --
    if i % 2 == 0:
        seq_even.append(i)  # appends even ; in empty list (seq_even)
print(seq_even)
",7,"seq = [1, 2, 3, 4, 5, 6, 7, 8, 9]
seq_even = []
# It checks every element in dist(sequence.)
for i in seq:
    # it decides whether an clement from sequence is even
    if i % 2 == 0:
        seq_even.append(i)  # appends even i in empty list (seq_even)
print(seq_even)
",13
"from graphics import Canvas
CANVAS_WIDTH = 300
CANVAS_HEIGHT = 300
CIRCLE_SIZE = 20
DELAY = 0.01

def main:
    canvas = Canvas(CANVAS_WIDTH, CANVAS_HEIGHT)
    while TRUE
        mouse_x = canvas.get_mouse_x()
        mouse_y = canvas.get_mouse_y()
        if mouse_x >= 0 and mouse_x <= CANVAS_WIDTH and mouse_y >=0 and mouse_y <= CANVAS_HEIGHT
","from graphics import Canvas

canvas_width = 300
canvas_height = 300
circle_size = 20
delay = 0.01


def main():
    canvas = Canvas(canvas_width, canvas_height)
    while True:
        mouse_x = canvas.get_mouse_x()
        mouse_y = canvas.get_mouse_y()
        if (
            mouse_x >= 0
            and mouse_x <= canvas_width
            and mouse_y >= 0
            and mouse_y <= canvas_height
        ):
            pass
",171,"from graphics import Canvas
CANVAS_WIDTH = 300
CANVAS_HEIGHT = 300
CIRCLE_SIZE = 20
DELAY = 0.01

def main():
    canvas = Canvas(CANVAS_WIDTH, CANVAS_HEIGHT)
    while True:
        MOUSE_X = canvas.get_mouse_x()
        MOUSE_Y = canvas.get_mouse_y()
        if MOUSE_X >= 0 and MOUSE_X < CANVAS_WIDTH and MOUSE_Y >= 0 and MOUSE_Y < CANVAS_HEIGHT:
",46,"from graphics import Canvas
canvas_width = 300
canvas_height = 300
circle_size = 20
delay = 0.01

def main():
    canvas = Canvas(canvas_width, canvas_height)
    while True:
        mouse_x = canvas.get_mouse_x()
        mouse_y = canvas.get_mouse_y()
        if mouse_x >= 0 and mouse_x <= canvas_width and mouse_y >= 0 and mouse_y <= canvas_height:
",92,"from graphics import Canvas
CANVAS_WIDTH = 300
CANVAS_HEIGHT = 300
CIRCLE_SIZE = 20
DELAY = 0.01

def main():
    canvas = Canvas(CANVAS_WIDTH, CANVAS_HEIGHT)
    while True:
        MOUSE_X = canvas.get_mouse_x()
        MOUSE_Y = canvas.get_mouse_y()
        if MOUSE_X >= 0 and MOUSE_X <= CANVAS_WIDTH and MOUSE_Y >= 0 and MOUSE_Y <= CANVAS_HEIGHT:
",44
"# 1 karel Problem - karel Home
from karel.stanfordkarel import *

# This program defines a main function which should make Karel
# move to the beeper, pick it up and return home.


def main():
    get_out()
    pick_food()
    get_back_home()


# pre : karel facing east, at the corner of starting position
# post: karel facing east, outside the home, at the position of beeper


def get_out():
    turn_right()
    move()
    turn_left()
    move()
    move()
    move()


# post: karel facing west, at the position of beeper


def pick_food():
    pick_beeper()
    turn_around()


# post: karel facing east, at the corner of starting position


def get_back_home():
    move()
    move()
    move()
    turn_right()
    move()
    turn_right()


def turn_right():
    for i in range(3):
        turn_left()


def turn_around():
    turn_left()
    turn_left()


if __name__ == ""__main__"":
    main()
","# Karel Problem - Karel home
from Kard Stanfordkarel import *
# This program defines a main function which should make karel
# move to the beeper, pick it and return home.

def main():
    GRE_ONE()
    pick_food()
    get_back_home()
# pre: Karel facing east, at the corner of starting position.
# post: Karel facing east, outside the home, at the position of beeper

def get_out():
    turn_right()
    Move()
    turn_left()
    Move()
    Move()
    move()
# post: Karel facing west, at the position of beeper

def pick_food():
    pick_beeper()
    turn_around()
# post: Karel facing east, at the corner of starting position

def get_back_home():
    move()
    Move()
    move()
    turn_right()
    move()
    turn_right()

def turn_right():
    for i in range(3):
        turn_left()

def turn_around():
    turn_left()
    turn_left()
if __name__ == '__main__':
    main()
",47,"# 1 karel Problem - Karel home
from Karel stanfordkarel import
# This program defines a main function which should make karel
# move to the beeper, pick it up and return home

def main():
    get_one()
    pick_food()
    get_back_home()
# pre : Karel facing east, at Line corner of starting position
# post : karel facing east, outside the home, at the position of beeper

def get_out():
    turn_right
    move()
    turn_left()
    move()
    move
    move
# post Karel facing west at the position of beeper

def pick_food():
    beeper()
    turn_around()
# post: Karel facing east, at the corner of starting position

def get_back_home():
    move()
    move
    move()
    turn_right()
    move()
    turn_right()

def turn_right():
    for i in range(3):
        turn_left

def turn_around():
    turn_left()
    turn_left()
if name == 'main':
    main()
",59,"# 1 karel Problem - Karel home
from Karel.Stanfordkarel import *

# This program defines a main function which should make karel
# move to the beeper, pick it up and return home


def main():
    get_Out()
    pick_food()
    get_back_home()


# pre: Karel facing east, at the corner of starting position
# post: karel facing east, outside the home, at the position of beeper


def get_out():
    turn_right()
    move()
    turn_left()
    move()
    move()
    move()


# post: Karel facing west, at the position of beeper


def pick_food():
    pick_beeper()
    turn_around()


# post: Karel facing east, at the corner of starting position


def get_back_home():
    move()
    move()
    move()
    turn_right()
    move()
    turn_right()


def turn_right():
    for i in range(3):
        turn_left()


def turn_around():
    turn_left()
    turn_left()


if __name__ == ""__main__"":
    main()
",11,"# 1 karel Problem-karel home from karel. Stanfordkarel import *
# This program defines a main function which should make karel # move to the beeper, pick it up and return home


def main():
    get_out()
    pick_food()
    get_back_home()


# pre: Karel facing east, at the corner of starting position
# post: Karel facing east, outside the home, at the position of beeper


def get_out():
    turn_right()
    move()
    turn_left()
    move()
    move()
    move()


# post : Karel facing west, at the position of beeper


def pick_food():
    pick_beeper()
    turn_around()


# post: karel facing east, at the corner of starting position


def get_back_home():
    move()
    move()
    move()
    turn_right()
    move()
    turn_right()


def turn_right():
    for i in range(3):
        turn_left()


def turn_around():
    turn_left()
    turn_left()


if __name__ == ""__main__"":
    main()
",15
"def factorial(n):
    if n == 0:
        return 1
    else:
        return n * factorial(n - 1)


print(factorial(5))
","I apologize for any confusion, but the provided Python code does not contain any logical errors. The function correctly calculates the factorial of a number using recursion. If you have any other requests or need further assistance, feel free to ask.
",200,"def factorial(n):
    if n == 0:
        return 1
    else:
        return n
    factorial(n - 1)


print(factorial(5))
",3,"def factorial(n):
    if n = 0:
        return 1
    else:
        return 1 * factorial(n-1)
print(factorial(5))
",6,"I apologize for any confusion, but the provided Python code does not contain any logical errors. The function correctly calculates the factorial of a number. If you have a specific logical error in mind, could you please provide more details?
",194
"def main():
    list1 = [1, 2, 3, 4]
    list2 = [3, 4, 5, 6]
    list = []
    for elem1 in list1:
        for elem2 in list2:
            if elem1 == elem2:
                elem = elem1
                list.append(elem)
    print(list)
","def main():
    list1 = [1, 2, 3, 4]
    list2 = [3, 4, 5, 6]
    list3 = []
    for elem1 in list1:
        for elem2 in list2:
            if elem2 == elem2:
                elem = elem2
                print(list3)
                list3.append(elem)
",38,"def main():
    list1 = [1, 2, 3, 4]
    list2 = [3, 4, 5, 67]
    List = []
    for elem1 in list1:
        for elem2 in list2:
            if elem1 == elem2:
                elem = elem1
                List.append(elem)
    print(List)
",4,"def main():
    list1 = [1, 2, 3, 4]
    list2 = [3, 4, 5, 6]
    List = []
    for elem1 in list1:
        for elem2 in list2:
            if elem1 == elem2:
                elem = elem2
                List.append(elem)
    print(ist)
",4,"def main():
    list1 = [1, 2, 3, 4]
    list2 = [3, 4, 5, 6]
    List = [7 in list1]
    for elem1 in List:
        for elem2 in list2:
            if elem2 == elem2:
                elem = elem2
                List.append(elem)
    print(List)
",17
"String = input()
print(String[::-1])
","Sure, I will only correct the spelling mistakes and not the logical errors in the code.
",73,"String = input()
print(String[:-1])
",1,"String = input()
print(String[::-1])
",0,"String = input()
print(String[::-1])
",0
"from karel.stanfordkarel import *


def main():
    turn_left()
    tower_N()
    tower_S()
    move_4x()
    turn_left()
    tower_N()
    tower_S()


def tower_S():
    turn_3x()
    tower()
    turn_left()


def tower_N():
    tower()
    turn_3x()
    move_4x()


def tower():
    for i in range(5):
        if front_is_clear():
            put_beeper()
            move()
        else:
            put_beeper()


def turn_3x():
    turn_left()
    turn_left()
    turn_left()


def move_4x():
    move()
    move()
    move()
    move()


if __name__ == ""__main__"":
    main()
","from Karel.Stanford import *


def main():
    turn_left()
    tower_N()
    tower_S()
    move_4x()
    turn_left()
    tower_N()
    tower_S()
    tower()


def tower_S():
    turn_3x()
    tower()
    turn_left()


def tower_N():
    tower()
    turn_3x()
    move_4x()


def tower():
    for i in range(5):
        if front_is_clear():
            put_beeper(1)
            move()
        else:
            turn_3x()


def turn_3x():
    turn_left()
    turn_left()
    turn_left()


def put_beeper():
    move_4x()
    move()
    move()
    move()
    move()


if __name__ == ""__main__"":
    main()
",48,"from Karel.StanfordKarel import *


def main():
    turn_left()
    tower_NC()
    tower_SC()
    move_4x()
    turn_left()
    tower_N()
    tower_SC()


def tower_SC():
    turn_3x()
    tower()
    turn_left()


def tower_NC():
    tower()
    turn_3x()
    move_4x()


def tower():
    for i in range(5):
        if front_is_clear():
            put_beeper()
            move()
        else:
            put_beeper()


def turn_3x():
    turn_left()
    turn_left()
    turn_left()


def move_4x():
    move()
    move()
    move()
    move()


if __name__ == ""__main__"":
    main()
",8,"from Karel.StanfordKarel import *

def main():
    turn_left()
    tower_N()
    tower_SC()
    move_4x()
    turn_left()
    tower_N()
    tower_SC()
    del tower_s():
    turn_3x()
    Tower()
    turn_left()
    del tower_NC().
    Tower()
    turn_3x()
    move_4x()
    del tower():
    for i in range(5):
        if front_is_clear():
            put_beeper()
            move()
        else:
            put_beeper()

def turn_3x():
    turn_left()
    turn_left()
    turn_left()

def move_4x():
    move()
    move()
    move()
    move()

if __name__ == ""__main__"":
    main()
",29,"from karel.stanfordkarel import *

def main():
    turn_left()
    move()
    tower_s()
    move_4x()
    turn_left()
    tower_n()
    tower_s()

def tower_s():
    turn_3x()
    tower(1)
    turn_left()

def tower_n():
    turn()
    turn_3x()
    move_4x()

def tower(1):
    for i in range(5):
        if front_is_clear():
            move()
        else:
            put_beeper()

def turn_3x(1):
    turn_left(1)
    turn_left(1)
    turn_left(1)

def move_4x(1):
    move(1)
if __name__ == '__main__':
    main()
",89
"def main():
    string = str(input(""Enter string: ""))
    for i in range((len(string) - 1), -1, -1):
        print(string[i])


if __name__ == ""__main__"":
    main()
","def main():
    string = str(input(""Enter string :""))
    for i in range((len(string) - 1), -1, -1):
        print(string[i])


if __name__ == ""__main__"":
    main()
",2,"def main():
    string = str(input(""Enter string ""))
    for i in range((len(string) - 1), -1, -1):
        print(string[i])


if __name__ == ""__main__"":
    main()
",1,"def main():
    String = str(input(""Enter string: ""))
    for i in range((len(String) - 1), -1, -1):
        print(String[i])


if __name__ == ""__main__"":
    main()
",3,"def main():
    string = str(input(""Enter string: ""))
    for i in range(len(string) - 1, -1, -1):
        print(string[i])


if __name__ == ""__main__"":
    main()
",2
"def main():
    num = int(input(""Enter a number: ""))
    print(f""{num} is {'prime' if is_prime(num) else 'not prime'}"")


def is_prime(n):
    if n <= 1:
        return False
    elif n <= 3:
        return True
    elif n % 2 == 0 or n % 3 == 0:
        return False
    for i in range(5, int(n**0.5) + 1, 6):
        if n % i == 0 or n % (i + 2) == 0:
            return False
    return True


if __name__ == ""__main__"":
    main()
","def main():
    num = int(input(""Enter a number: ""))
    print(f""{num} is {'prime' if is_preme(num) else 'not prime'}"")


def is_preme(n):
    if n <= 1:
        return False
    elif n <= 3:
        return True
    elif n % 2 == 0 or n % 3 == 0:
        return False
    for i in range(5, int(n**0.5) + 1, 6):
        if n % i == 0 or n % (i + 2) == 0:
            return False
    return True


if __name__ == ""__main__"":
    main()
",2,"def main():
    num = int(input(""Enter a NMBU: ""))
    print(""prime"" if is_prime(num) else ""not prime"")


def is_prime(n):
    if n <= 1:
        return False
    elif n <= 3:
        return True
    elif n % 2 == 0 or n % 3 == 0:
        return False
    for i in range(5, int(n**0.5) + 1, 6):
        if n % i == 0 or n % (i + 2) == 0:
            return False
    return True


if __name__ == ""__main__"":
    main()
",22,"def main():
    num = int(input(""Enter a num: ""))
    print(f""Num is prime"" if is_prime(num) else ""Num is not prime"")


def is_prime(n):
    if n <= 1:
        return False
    elif n <= 3:
        return True
    elif n % 2 == 0 or n % 3 == 0:
        return False
    for i in range(5, int(n**0.5) + 1, 6):
        if n % i == 0 or n % (i + 2) == 0:
            return False
    return True


if __name__ == ""__main__"":
    main()
",19,"def main():
    num = int(input(""Enter a number: ""))
    print(f""{num} is {'prime' if is_prime(num) else 'not prime'}"")


def is_prime(n):
    if n <= 1:
        return False
    elif n <= 3:
        return True
    elif n % 2 == 0 or n % 3 == 0:
        return False
    for i in range(5, int(n**0.5) + 1, 6):
        if n % i == 0 or n % (i + 2) == 0:
            return False
    return True
",40
"from karel.stanfordkarel import *


def main():
    turn_left()
    while front_is_clear():
        turn_right()
        fill_row()
        return_to_home()
        jump_row()
    turn_right()
    fill_row()
    return_to_home()
    while front_is_clear():
        move()


def fill_row():
    while front_is_clear():
        put_beeper()
        move()
    put_beeper()
","from Karel.Stanfordkarel import *


def main():
    turn_left()
    while front_is_clear():
        turn_right()
        fill_row()
        return_to_home()
        jump_row()
        turn_right()
        fill_row()
        return_to_home()
    while front_is_clear():
        move()


def fill_row():
    while front_is_clear():
        put_beeper()
        move()
    put_beeper()
",14,"from karel.stanfordkarel import *


def main():
    turn_left()
    while front_is_clear():
        turn_right()
        fill_row()
        return_to_home()
        jump_row()
        turn_right()
        fill_row()
        return_to_home()
    while front_is_clear():
        move()


def fill_row():
    while front_is_clear():
        put_beeper()
        move()
        put_beeper()
",16,"from karel.stanfordkarel import *


def main():
    turn_left()
    while front_is_clear():
        turn_right()
        fill_row()
        return_to_home()
        jump_row()
        turn_right()
        fill_row()
        return_to_home()
    while front_is_clear():
        move()

    def fill_row():
        while front_is_clear():
            put_beeper()
            move()
        put_beeper()
",32,"from karel.stanfordkarel import *


def main():
    turn_left()
    while front_is_clear():
        turn_right()
        fill_row()
        return_to_home()
        jump_row()
        turn_right()
        fill_row()
        return_to_home()
    while front_is_clear():
        move()


def fill_row():
    while front_is_clear():
        put_beeper()
        move()
    put_beeper()
",12
"from stanfordkarel import *

""""""
Karel should fill the whole world with beepers.
""""""


def main():
    """"""
    You should write your code to make Karel do its task in
    this function. Make sure to delete the 'pass' line before
    starting to write your own code. You should also delete this
    comment and replace it with a better, more descriptive one.
    """"""
    while not left_is_blocked():
        put_beeper_Line()
        reset_Position()
    put_beeper_Line()


def put_beeper_Line():
    put_beeper()
    while front_is_clear():
        move()
        put_beeper()
","from stanfordKarel import *


def main():
    # You should write your own code to make Karel do its task in this function.
    # Delete the pass line and replace it with your own more descriptive one.
    move()
    put_beeper()
    put_beeper_line()
    while not left_is_blocked():
        put_beeper_line()
        reset_position()


def put_beeper_line():
    put_beeper()
    while front_is_clear():
        move()
",232,"from stanfordkarel import *

# Karel should fill the whole world with beepers


def main():
    # You should write your code to make karel do its task in this function.
    # Make sure to delete the pass line code. You should also delete this comment and replace it with a better more descriptive one
    while not left_is_blocked():
        put_beeper_line()
        reset_position()
        put_beeper_line()


def put_beeper_line():
    put_beeper()
    while front_is_clear():
        move()
        put_beeper()
",89,"from stanfordkarel import *

# Karel should fill the whole world with beepers.


def main():
    # You should write your code to make Karel do its task in this function.
    # Make sure to delete the 'pass' line before starting to write your own code.
    # You should also delete this comment and replace it with a better, more descriptive one.
    while not left_is_blocked():
        put_beeper_line()
        reset_position()
        put_beeper_line()


def put_beeper_line():
    put_beeper()
    while front_is_clear():
        move()
        put_beeper()
",55,"from stanfordkarel import *


def main():
    # Karel should fill the whole world with beepers.
    while not left_is_blocked():
        put_beeper_in()
        reset_position()
        put_beeper_line()

        def put_beeper_line():
            put_beeper()
            while front_is_clear():
                move()
                put_beeper()
",328
"#karel needs to move to the bottom of the next arch to commence 
#building the next column.
#precondition: karel is facing east
#post condition: karel is still facing east at the next column site.

def move_to_next_arch_bottom():
    if front_is_clear():
        for i in range(4):
            move()""

def turn_around():
    turn_left()
    turn_left()
if __name__ == '__main__':
    main()
","# Karel needs to move to the bottom of the next arch to commence
# building the next column.
# Precondition: Karel is facing east
# post_condition : Karel is facing east at the next column site.


def move_to_next_arch_bottom():
    if front_is_clear():
        for i in range(4):
            move()


def turn_around():
    turn_left()
    turn_left()


if __name__ == ""__main__"":
    main()
",23,"# Karel needs to move to the bottom of the next arch to commence
# building the next column.
#
# Precondition: Karel is facing east
# post-condition: Karel is facing east at the next column site.


def move_to_next_arch_bottom():
    if front_is_clear():
        for i in range(4):
            move()


def turn_around():
    turn_left()
    turn_left(3)


if __name__ == ""__main__"":
    main()
",25,"#karel needs to move to the bottom of the next notch to com
#Hence building the next column.
# Precondition: Karel is facing east
# post-condition: Karel is facing east at the next column site.

def move_to_next_notch_bottom():
if front_is_clear():
for i in range(4):
move()

def turn_around():
turn_left()
turn_left()

if __name__ == ""__main__"":
main()
",63,"# Karel needs to move to the bottom of the next arch to comm. Hence building the next column.
# Precondition: karel is facing east
# post-condition: karel is facing east at the next column site. 

def move_to_next_arch_botton():
    if frontis_clear():
        for i in range(4):
            move()

def turnarounl():
",92
"def find_lrgst_smallst(number):
    if not numbers:
        return none
    smallest = largest = number[0]
    for num in numbers:
        if num < smallest:
            smallest = num
        if num > largest:
            largest = num
    return smallest, largest


# Example Usage:
numbers = [1, 2, 3, 4, 5, 6, 7, 8, 9]
result = find_lrgst_smallst(numbers)
print(result)
","def find_ligst_smallet(numbers):
    if not numbers:
        return None
    smallest = largest = numbers[0]
    for num in numbers:
        if num < smallest:
            smallest = num
        if num > largest:
            largest = num
    return smallest, largest


# Example usage:
numbers = [1, 2, 3, 4, 5, 6, 7, 8, 9]
result = find_ligst_smallet(numbers)
print(result)
",8,"def find_ligst_smallst(numbers):
    if not numbers:
        return None
    smallest = largest = numbers[0]
    for num in numbers:
        if num < smallest:
            smallest = num
        if num > largest:
            largest = num
    return smallest, largest
Example usage:
numbers = [1, 2, 3, 4, 5, 6, 7, 8, 9]
result = find_ligst_smallst(numbers)
print(result)
",10,"def find_Ligst_smallst(number):
    if not numbers:
        Return none
    Smallest=largest = number[0]
    for num in numbers:
        if num < smallest:
            smallest = num
        if num > Largest:
            Largest = num
    return smallest, Largest
# Example usage:
numbers = [1,2,3, 4,5,6,7,8,9]
result = find_Ligst_smallst(numbers)
print(result)
",21,"def find_rigst_smallst(numbers):
    if not numbers:
        return None
    smallest = largest = numbers[0]
    for num in numbers:
        if num < smallest:
            smallest = num
        if num > largest:
            largest = num
    return smallest, largest


# Example usage.
numbers = [1, 2, 3, 4, 5, 6, 7, 8, 9]
result = find_rigst_smallst(numbers)
print(result)
",9
"def main():
    user_number = input(""Enter the number: "")
    result = sum_of_digits(user_number)
    print(""The Sum of the Digits is: "", result)


def sum_of_digits(user_number):
    number_str = str(user_number)
    digit_sum = 0
    for digit in number_str:
        digit_sum += int(digit)
    return digit_sum


if __name__ == ""__main__"":
    main()
","def main():
    user_number = input(""Enter the number: "")
    result = Sum_of_digits(user_number)
    print(""The sum of the digits is"", result)


def Sum_of_digits(user_number):
    number_str = str(user_number)
    digit_sum = 0
    for digit in number_str:
        return digit_sum
    digit_sum += int(digit)


if __name__ == ""__main__"":
    main()
",36,"def main():
    user_number = input(""Enter the number: "")
    result = sum_of_digits(user_number)
    print(""The Sum of the digits is"", result)


def sum_of_digits(user_number):
    number_str = str(user_number)
    digit_sum = 0
    for digit in number_str:
        digit_sum + int(digit)
    return digit_sum


if __name__ == ""__main__"":
    main()
",4,"def main():
    user_number = input(""Enter the number: "")
    result = sum_of_digits(user_number)
    print(""The sum of the digits is "", result)


def Sum_of_digits(user_number):
    number_str = Str(user_number)
    digit_sum = 0
    for digit in number_str:
        digit_sum += int(digit)
    return digit_sum


if _name_ == ""_main_"":
    main()
",9,"def main():
    user_number = input(""Enter the number: "")
    result = sum_of_digits(user_number)
    print(""The sum of the digits is"", result)


def sum_of_digits(user_number):
    number_str = str(user_number)
    digit_sum = 0  # zero
    for digit in number_str:
        digit_sum = int(digit)
    return digit_sum


if __name__ == ""__main__"":
    main()
",13
"def is_prime(n):
    """"""
    Returns True if n is prime, False otherwise.
    """"""
    if n <= 1:
        return False
    for i in range(2, int(n**0.5) + 1):
        if n % i == 0:
            return False
    return True


def main():
    """"""
    The main function.
    """"""
    n = int(input(""Enter a number: ""))
    if is_prime(n):
        print(n, ""is a prime number."")
    else:
        print(n, ""is not a prime number."")


if __name__ == ""__main__"":
    main()
","def is_prime(n):
    """"""
    Returns True if n is prime, False otherwise.
    """"""
    if n <= 1:
        return False
    for i in range(2, int(n**0.5) + 1):
        if n % i == 0:
            return True
    return False


def main():
    """"""
    The main function.
    """"""
    n = int(input(""Enter a number: ""))
    if is_prime(n):
        print(n, ""is a prime number."")
    else:
        print(n, ""is not a prime number."")


if __name__ == ""__main__"":
    main()
",8,"def is_prime(n):
    """"""
    Returns True if n is prime, False otherwise.
    """"""
    if n <= 1:
        return False
    for i in range(2, int(n**0.5) + 1):
        if n % i == 0:
            return False
    return True


def main():
    """"""
    The main function.
    """"""
    n = int(input(""Enter a number: ""))
    if is_prime(n):
        print(n, ""is a prime number."")
    else:
        print(n, ""is not a prime number."")


if __name__ == ""__main__"":
    main()
",0,"def is_prime(n):
    """"""
    Returns True if n is prime, False otherwise
    """"""
    if n <= 1:
        return False
    for i in range(2, int(n * 0.5) + 1):
        if n % i == 0:
            return False
    return True


def main():
    """"""
    The main function.
    """"""
    n = int(input(""Enter a number: ""))
    if is_prime(n):
        print(n, "" is a prime number."")
    else:
        print(n, ""is not a prime number."")


if __name__ == ""__main__"":
    main()
",4,"def is_prime(n):
    """"""
    Returns True if n is prime, False otherwise.
    """"""
    if n <= 1:
        return False
    for i in range(2, int(n**0.5) + 1):
        if n % i == 0:
            return False
    return True


def main():
    """"""
    The main function.
    """"""
    n = int(input(""Enter a number: ""))
    if is_prime(n):
        print(n, ""is a prime number."")
    else:
        print(n, ""is not a prime number."")


if __name__ == ""__main__"":
    main()
",0
"# Reverse String


def main():
    str = input(""Input a string: "")
    r_str = """"
    for i in str:
        r_str = i + r_str
    print(r_str)


if __name__ == ""__main__"":
    main()
","# Reverse String


def mam():
    str = input(""Input a string: "")
    r_str = """"
    for i in str:
        r_str = i + r_str
    print(r_str)


if __name__ == ""__main__"":
    mam()
",4,"# Reverse string


def main():
    str = input(""Input a string: "")
    r_str = """"
    for i in str:
        r_str = i + r_str
    print(r_str)


if __name__ == ""__main__"":
    main()
",1,"# Reverse String


def main():
    str = input(""Input a string: "")
    r_str = """"
    for i in str:
        r_str = i + r_str
    print(r_str)


if __name__ == ""__main__"":
    main()
",0,"# Reverse string


def mam():
    stro = input(""Input a string: "")
    r_stro = """"
    for i in stro:
        r_stro = i + r_stro
    print(r_stro)


if __name__ == ""__main__"":
    mam()
",11
"# Write a Python program to find the longest word in a given text


def main():
    sentence = input(""Input a sentence: "")
    list = sentence.split()
    l_word = """"
    for word in list:
        if len(word) > len(l_word):
            l_word = word
    print(l_word)


if __name__ == ""__main__"":
    main()
","# Write a Python program to find the longest word in a given text


def main():
    sentence = input(""Input a sentence: "")
    list = sentence.split()
    Lword = """"
    for word in list:
        if len(word) > len(Lword):
            Lword = word
    print(Lword)


if __name__ == ""__main__"":
    main()
",8,"# Write a Python program to find the longest word in a given text


def main():
    sentence = input(""Input a sentence: "")
    list = sentence.split()
    l_word = """"
    for word in list:
        if len(word) > len(l_word):
            l_word = word
    print(l_word)


if __name__ == ""__main__"":
    main()
",0,"# Write a Python program to find the longest word i'm a given text


def main():
    sentence = input(""Input a sentence: "")
    list = sentence.split()
    Lword = """"
    for word in list:
        if len(word) > len(Lword):
            Lword = word
    print(Lword)


if __name__ == ""__main__"":
    main()
",10,"# Write a Python program to find the longest word a m a given text

def main():
    sentence = imput(""Input a sentence: "")
    list = sentence.split()
    lword = "" ""
    for word im list:
        if len(word) > len(lword):
            lword = word
    primt(lword)

if __name__ == ""__main__"":
    main()
",13
"def greatest_common_divisor(a, b):
    smaller_number = a if a < b else b
    common_divisor = []
    for i in range(1, smaller_number + 1):
        if a % i == 0 and b % i == 0:
            common_divisor.append(i)
    return common_divisor[-1]
","def greatest_common_divisor(a, b):
    smaller_number = a if a > b else b
    common_divisor = []
    for i in range(1, smaller_number + 1):
        if a % i == 0 and b % i == 0:
            common_divisor.append()
    return common_divisor[-1]
",2,"def greatest_common_divisor(a, b):
    smaller_number = a if a < b else 10
    common_divisor = []
    for i in range(1, smaller_number + 1):
        if a % i == 0 and b % i == 0:
            common_divisor.append(i)
    return common_divisor[-1]
",2,"def greatest_common_divisor(a, b):
    smaller_number = a if a < b else 10
    common_divisor = []
    for i in range(1, smaller_number + 1):
        if 9 % i == 0 and 6 % i == 0:
            common_divisor.append(i)
    return common_divisor[-1]
",4,"def greatest_common_divisor(a, b):
    smaller_number = a if a < b else b
    common_divisor = []
    for i in range(1, smaller_number + 1):
        if a % i == 0 and b % i == 0:
            common_divisor.append(i)
    return common_divisor[-1]
",0
"def main():
    """"""
    The program should determine whether the given year is a leap year
    (divisible by 4, divisible by 100 but also by 400).
    """"""
    print(""This program will help you identify if a given year is a leap year or not."")
    print("" "")
    identify_a_leap_year()
    ask_for_a_new_year_to_identify()


def identify_a_leap_year():
    print(""Please input a year below(in number form)."")
    Year = int(input(""Year : ""))
    print("" "")
    if (Year % 4 == 0) or (Year % 100 == 0) or (Year % 400 == 0):
        print(""The Year "" + str(Year) + "" "" + ""is a leap year."")
    else:
        print(""The Year "" + str(Year) + "" "" + ""is not a leap year."")


def ask_for_a_new_year_to_identify():
    while True:
        print("" "")
        ask = input(""Do you want to identify a new year? Yes/No: "")
        print("" "")
        if ask == ""Yes"" or ask == ""yes"":
            identify_a_leap_year()
        elif ask == ""No"" or ask == ""no"":
            print(""Thank you. See you again!"")
            break
        elif ask != ""Yes"" or ask != ""yes"" or ask != ""No"" or ask != ""no"":
            print(""Wrong keyword. Please type the exact keyword."")


if __name__ == ""__main__"":
    main()
","def main():
    # The program should determine whether the given year is a leap year
    # (divisible by 4, divisible by 100 but also by 400).
    print(""This program will help you identify if a given year is a leap year or not."")
    print("" "")
    identify_a_leap_year()
    ask_for_a_new_year_to_identify()


def identify_a_leap_year():
    print(""Please input a year below (in number form)."")
    Year = int(input(""Year: ""))
    print("" "")
    if (Year % 4 == 0) or (Year % 100 == 0) or (Year % 400 == 0):
        print(""The Year "" + str(Year) + "" is a leap year."")
    else:
        print(""The Year "" + str(Year) + "" is not a leap year."")


def ask_for_a_new_year_to_identify():
    while True:
        ask = input(""Do you want to identify a new year? Yes/No: "")
        print("" "")
        if ask == ""Yes"" or ask == ""yes"":
            identify_a_leap_year()
        elif ask == ""No"" or ask == ""no"":
            print(""Thank you. See you again!"")
            break
        elif ask != ""Yes"" or ask != ""yes"" or ask != ""No"" or ask != ""no"":
            print(""Wrong keyword. Please type the exact keyword."")


if __name__ == ""__main__"":
    main()
",48,"def main():
    # The program should determine whether the given year is a leap year
    # (divisible by 4, divisible by 100 but also by 400).
    print(""This program will help you identify if a given year is a leap year or not."")
    identify_a_leap_year()
    ask_for_a_new_year_to_identify()


def identify_a_leap_year():
    print(""Please input a year below (in number form)."")
    Year = int(input(""Year: ""))
    if (Year % 4 == 0) or (Year % 100 == 0) or (Year % 400 == 0):
        print(""The Year "" + str(Year) + "" is a leap year."")
    else:
        print(""The Year "" + str(Year) + "" is not a leap year."")


def ask_for_a_new_year_to_identify():
    while True:
        ask = input(""Do you want to identify a new year? Yes/No: "")
        if ask == ""Yes"" or ask == ""yes"":
            identify_a_leap_year()
        elif ask == ""No"" or ask == ""no"":
            print(""Thank you. See you again!"")
            break
        elif ask != ""Yes"" or ask != ""yes"" or ask != ""No"" or ask != ""no"":
            print(""Wrong keyword. Please type the exact keyword."")


if __name__ == ""__main__"":
    main()
",97,"def main():
    # The program should determine whether the given year is a leap year
    # (divisible by 4, divisible by 100 but also by 400).
    print(""This program will help you identify if a given year is a leap year or not."")
    print("""")
    identify_a_leap_year()
    ask_for_a_new_year_to_identify()


def identify_a_leap_year():
    print(""Please input a year below (in number form)."")
    Year = int(input(""Year: ""))
    print("""")
    if (Year % 4 == 0) or (Year % 100 == 0) or (Year % 400 == 0):
        print(""The Year "" + str(Year) + "" is a leap year."")
    else:
        print(""The Year "" + str(Year) + "" is not a leap year."")


def ask_for_a_new_year_to_identify():
    while True:
        print("""")
        ask = input(""Do you want to identify a new year? Yes/No: "")
        print("""")
        if ask == ""Yes"" or ask == ""yes"":
            identify_a_leap_year()
        elif ask == ""No"" or ask == ""no"":
            print(""Thank you. See you again!"")
            break
        else:
            print(""Wrong keyword. Please type the exact keyword."")


if __name__ == ""__main__"":
    main()
",92,"def main():
    ""The program should determine whether the given year is a leap year (divisible by 4, divisible by 100 but also by 400).""
    print(""This program will help you identify if a given year is a leap year or not."")
    print("" "")
    identify_a_leap_year()
    ask_for_a_new_year_to_identify()


def identify_a_leap_year():
    print(""Please input a year below (in number form)."")
    Year = int(input(""Year: ""))
    print("" "")
    if (Year % 4 == 0) or (Year % 100 == 0) or (Year % 400 == 0):
        print(""The Year "" + str(Year) + "" is a leap year."")
    else:
        print(""The Year "" + str(Year) + "" is not a leap year."")


def ask_for_a_new_year_to_identify():
    while True:
        print("" "")
        ask = input(""Do you want to identify a new year? Yes/No:"")
        print("" "")
        if ask == ""Yes "" or ask == ""yes"":
            identify_a_leap_year()
        elif ask == ""No"" or ask == ""no"":
            print(""Thank you. See you again!"")
            break
        elif ask != ""Yes"" or ask != ""yes"" or ask != ""No"" or ask != ""no"":
            print(""Wrong keyword. Please type the exact keyword."")


if __name__ == ""__main__"":
    main()
",32
"sum = 0
number = input()
for i in number:
    sum += int(i)
Print(sum)
","Sum =
S
number = input()
for i in number:
    Sum += int(i)
Print (Sum)
",6,"sum_2 = 0
number = input()
for i in number:
    sum_2 + int(i)
print(sum_2)
",8,"Sun = 0
number = input()
for i in number:
    Sun += int(i)
print(Sun)
",7,"sun = 0
number = imput()
for i in number:
    sun += int(i)
print(sum)
",4
"def factorial(n):
    if n <= 1:
        return 1
    else:
        return factorial(n - 1) * n


print(factorial(int(input())))
","def factoria1(n):
    if n <= 1:
        return 1
    else:
        return factorial(n - 1) * n
",34,"def factoric(n):
    if n == 1:
        return 1
    else:
        return factorial(n - 1) * n


print(factorial(int(input())))
",3,"def factorial(n):
    if n <= 1:
        return 1
    else:
        return factorial(n - 1) * h


print(factorial(int(input())))
",1,"def factorial(n):
    if n < 1:
        return 1
    else:
        return factorial(n - 1) * n


print(factorial(int(input())))
",1
"year = int(input)
if year % 4 == 0 and year % 100 != 0 or year % 400 == 0:
    print(True)
else:
    print(False)
","Year = int(input())
if Year 1/4 == 0 and Year 1/100 != 0 or Year 1/400 == 0:
    print(True)
else:
    print(False)
",12,"year = int(input())
if year % 144 == 0 or year % 400 == 0:
    print(True)
else:
    print(False)
",23,"year = int(input())
if year / 4 == 0 and year 0/ 100 != 0 or year / 400 == 0:
    print(True)
else:
    print(False)
",6,"year = int(input())
if year % 4 == 0 and year % 100 != 0 or year % 400 == 0:
    print(true)
else:
    print(False)
",3
"Word = input()
Word = "" "".join([i for i in word[::-1]])
Print(Word)
","word = input()
word = """".join(i for i in word[::])
print(word)
",9,"word = imput()
ward = "" "".join([i for i in word[-::-1]])
Print(word)
",6,"word = input()
word = """".join([i for i in word[-])
print(word)
",9,"Wond = imput()
wand = """".join([i for i in word[::-1]])
Print(wond)
",8
"list1 = [1, 2, 3, 4]
list2 = [3, 4, 5, 6]
list3 = [i for i in list1 if i in list2]
print(list3)
","list1 = [1, 2, 3, 4]
list2 = [3, 4, 5, 6]
list3 = [i for i in list1 if i in list2]
print(list3)
",0,"list1 = [1, 2, 3, 4]
list2 = [3, 4, 5, 6]
list3 = [i for i in list1 if i in list2]
print(list3)
",0,"list1 = [1, 2, 3, 4]
list2 = [3, 4, 5, 6]
list3 = [i for i in list1 if i in list2]
Print(list3)
",1,"list1 = [1, 2, 3, 4]
list2 = [3, 4, 5, 6]
list3 = [i for i in list1 if i in list2]
print(list3)
",0
"list1 = [1, 2, 3, 4, 5, 6, 7, 8, 9]
even = [i for i in list1 if i % 2 == 0]
print(even)
","list1 = [1, 2, 3, 4, 5, 6, 7, 8, 9]
even = [i for i in list1 if i / 2 == 4]
print(even)
",2,"list1 = 123456789
even = [i for i in list1 if i % 2 == 0]
print(even)
",18,"list1 = [1, 2, 3, 4, 5, 6, 7, 8, 9]
even = [i for i in list1 if i | 2 == 0]
print(even)
",1,"list1 = [1,2,3,4,5,6,7,8,9]
even = [i for i in list1 if i % 2 == ]
print(even)
",9
"def main():
    year = int(input())
    if year % 4 == 0 and year % 100 != 0:
        print(""True"")
    elif year % 100 == 0 and year % 400 == 0:
        print(""True"")
    else:
        print(""False"")


if __name__ == ""__main__"":
    main()
","def main():
    year = int(input())
    if year % 4 == 0 and year % 100 != 0:
        print(""True"")
    elif year % 100 == 0 and year % 400 == 0:
        print(""True"")
    else:
        print(""False"")


if __name__ == ""__main__"":
    main()
",0,"def main():
    year = int(input())
    if year % 4 == 0 and year % 100 != 0:
        print(""True"")
    elif year % 100 == 0 and year % 400 == 0:
        print(""True"")
    else:
        print(""False"")


if __name__ == ""__main__"":
    main()
",0,"def main():
    year = int(input())
    if (year % 4 == 0 and year % 100 != 0):
        print(""True"")
    elif (year % 100 == 0 and year % 400 = 0):
        print(""True"")
    else:
        print(""False"")

if __name__ == ""__main__"":
    main()
",6,"def main():
    year = int(input())
    if year % 4 == 0 and year % 100 != 0:
        print(""True"")
    elif year % 100 == 0 and year % 400 == 0:
        print(""True"")
    else:
        print(""False"")


if __name__ == ""__main__"":
    main()
",0
"from karel.stanfordkarel import *


def main():
    build_column()
    step_up()
    build_column()
    step_up()
    build_column()
    step_up()
    build_column()


def build_column():
    turn_left()
    build_beeper()
    build_beeper()
    build_beeper()
    build_beeper()
    put_beeper()
    go_back()
    turn_left()


def build_beeper():
    put_beeper()
    move()


def go_back():
    turn_around()
    step_up()


def turn_around():
    turn_left()
    turn_left()


def step_up():
    move()
    move()
    move()
    move()


if __name__ == ""__main__"":
    main()
","from karel.stanfordkarel import *


def main():
    build_column()
    step_up()
    build_column()
    step_up()
    build_column()


def step_up():
    move()
    move()
    move()
    move()


def build_column():
    turn_left()
    build_beeper()
    build_beeper()
    build_beeper()
    build_beeper()
    put_beeper()
    go_back()
    turn_left()


def build_beeper():
    put_beeper()
    move()


def go_back():
    turn_around()
    step_up()


def turn_around():
    turn_left()
    turn_left()


if __name__ == ""__main__"":
    main()
",102,"from karel.stanfordkarel import *


def main():
    build_column()
    step_up()
    build_column()
    step_up()
    build_column()
    step_up()
    build_column()


def build_column():
    turn_left()
    build_beeper()
    build_beeper()
    build_beeper()
    build_beeper()
    put_beeper()
    go_back()
    turn_left()


def build_beeper():
    put_beeper()
    move()


def go_back():
    turn_around()


def step_up():
    move()
    move()
    move()
    move()


def turn_around():
    turn_left()
    turn_left()


if __name__ == ""__main__"":
    main()
",81,"from karel.stanfordkarel import *


def main():
    build_column()
    step_up()
    build_column()
    step_up()
    build_column()
    step_up()
    build_column()


def build_column():
    turn_left()
    build_beeper()
    build_beeper()
    build_beeper()
    build_beeper()
    put_beeper()
    go_back()
    turn_left()


def build_beeper():
    put_beeper()
    move()


def go_back():
    turn_around()
    step_up()


def turn_around():
    turn_left()
    turn_left()


def step_up():
    move()
    move()
    move()
    move()


if __name__ == ""__main__"":
    main()
",0,"from karel.stanfordkarel import *


def main():
    build_column()
    step_up()
    build_column()
    step_up()
    build_column()
    step_up()
    build_column()


def build_column():
    turn_left()
    build_beeper()
    build_beeper()
    build_beeper()
    build_beeper()
    put_beeper()
    go_back()
    turn_left()


def build_beeper():
    put_beeper()
    move()


def go_back():
    turn_around()
    step_up()


def turn_around():
    turn_left()
    turn_left()


def step_up():
    move()
    move()
    move()
    move()


if __name__ == ""__main__"":
    main()
",0
"def main():
    input_string = input('Input string: ')
    ret = """"
    for ch in input_string:
        ret = ret + ch.upper()
    print ret
if __name__ == '__main__':
    main()
","def main ():
    if
    input_string = input ('Input string; ')
    ret =
    for ch in input_string:
        ret
    print ret
    ret = ret + ch.upper()
    name__ = main ()
    main
",58,"def main():
    input_string = input('Input string ')
    ret = 11 11
    for ch in input_string:
        ret = ret + ch.upper()
    print(ret)
if __name__ == '__main__':
    main()
",8,"def main():
    input_string = input('Input string:')
    ret = "" ""
    for ch in input_string:
        ret = ret + ch.upper()
    print ret

if __name__ == ""__main__"":
    main()
",5,"def main():
    input_string = input(""Input string! "")
    ret = """"
    for ch in input_string:
        ret = ret + ch.upper()
    print(ret)


if __name__ == ""__main__"":
    main()
",9
"from karel.stanfordkarel import *


def main():
    move_to_beeper()
    pick_beeper()
    turn_around()
    return_to_start()


def move_to_beeper():
    while front_is_clear():
        move
    turn_right()
    move()
    turn_left()
    move()


def turn_around():
    turn_left()
    turn_left()
","from karel.stanfordkarel import *


def main():
    move_to_beeper()
    pick_beeper()
    turn_around()
    return_to_start()


def move_to_beeper():
    while front_is_clear():
        move()
    turn_right()
    move()
    turn_left()
    move()


def turn_around():
    turn_left()
    turn_left()
",2,"from karel.stanfordkarel import *


def main():
    move_to_beeper()
    pick_beeper()
    turn_around()
    return_to_start()


def move_to_beeper():
    while front_is_clear():
        move
    turn_right()
    move()
    turn_left()
    move()


def turn_around():
    turn_left()
    turn_left()
",0,"from Karel.StanfordKarel import *


def main():
    move_to_beeper()
    pick_beeper()
    turn_around()
    return_to_start()


def move_to_beeper():
    while front_is_clear():
        move
    turn_right()
    move()
    turn_left()
    move()


def turn_around():
    turn_left()
    turn_left()
",3,"from karel.stanfordkarel import *


def main():
    move_to_beeper()
    pick_beeper()
    turn_around()
    return_to_start()


def move_to_beeper():
    while front_is_clear():
        move
    turn_right()
    move()
    turn_left()
    move()


def turn_around():
    turn_left()
    turn_left()
",0
"from karel.stanfordkarel import *


def main():
    while front_is_clear():
        fill_tower()


def fill_tower():
    while front_is_clear():
        put_beeper()
        move()
    put_beeper()
    column_return()


def column_return():
    while front_is_blocked():
        turn_around()
    while front_is_clear():
        move()
    next_tower()


def turn_around():
    for i in range(2):
        turn_left()


def next_tower():
    if right_is_clear():
        turn_right()
        move()
        turn_right()
    else:
        turn_around()
        while front_is_clear():
            move()


def turn_right():
    for i in range(3):
        turn_left()


if __name__ == ""__main__"":
    main()
","from kanel.stanfordkarel import *


def main():
    while front_is_clear():
        fill_tower()


def fill_tower():
    while front_is_clear():
        put_beeper()
        move()
    put_beeper()
    column_return()


def column_return():
    if front_is_blocked():
        turn_around()
    while front_is_clear():
        move()
    next_tower()


def next_tower():
    if right_is_clear():
        turn_right()
        move()
        turn_right()
        for i in range(2):
            turn_left()
    else:
        turn_around()
        while front_is_clear():
            move()


def turn_right():
    for i in range(3):
        turn_left()


if __name__ == ""__main__"":
    main()
",90,"from karel.stanfordkarel import *


def main():
    while front_is_clear():
        fill_tower()


def fill_tower():
    while front_is_clear():
        put_beeper()
        move()
    put_beeper()
    column_return()


def column_return():
    while front_is_blocked():
        turn_around()
    while front_is_clear():
        move()
    next_tower()


def turn_around():
    for i in range(2):
        turn_left()


def next_tower():
    if right_is_clear():
        turn_right()
        move()
        turn_right()
    else:
        turn_around()
    while front_is_clear():
        move()


def turn_right():
    for i in range(3):
        turn_left()


if __name__ == ""__main__"":
    main()
",8,"from karel.stanfordkarel import *


def main():
    while front_is_clear():
        fill_tower()


def fill_tower():
    while front_is_clear():
        put_beeper()
        move()
        put_beeper()
    column_return()


def column_return():
    while front_is_blocked():
        turn_around()
    while front_is_clear():
        move()
    next_tower()


def turn_around():
    for i in range(2):
        turn_left()


def next_tower():
    if right_is_clear():
        turn_right()
        move()
        turn_right()
    else:
        turn_around()
    while front_is_clear():
        move()


def turn_right():
    for i in range(3):
        turn_left()


if __name__ == ""__main__"":
    main()
",12,"from karel.stanfordkarel import *

def main():
while front_is_clear():
fill_tower()

def fill_tower():
while front_is_clear():
put_beeper()
move()
put_beeper()
column_return()

def column_return():
while front_is_blocked():
turn_around()
while front_is_clear():
move()
next_tower()

def turn_around():
for i in range(2):
turn_left()

def next_tower():
if right_is_clear():
turn_right()
move()
turn_right()
else:
turn_around()
while front_is_clear():
move()

def turn_right():
for i in range(3):
turn_left()
if __name__ == '__main__':
main()
",166
"def filter_string_a(string):
      string.sort()
      filtered_string_list = [ ]
      for str in string:
             if str.startswith(""a""):
                    filtered_string_list.append(str)
       return filtered_string_list
input_string = [""apple"", ""banana"", ""avacado"", ""cherry"", ""apricot""]
output = filter_string_a(input_string)
print(output)
","def fitters_string_a(string):
    filtered_string_list = []
    for stru in string:
        if stru.startwith(""a""):
            filtered_string_list.append(stru)
    return filtered_string_list


input_string = [""apple"", ""banana"", ""avocado"", ""cherry"", ""apricot""]
output = fitters_string_a(input_string)
print(output)
",52,"def a(string):
    string.sort()
    filtered_string_list = []
    for stru in string:
        if stru.startswith(""a""):
            filtered_string_list.append(stru)
    return


input_string = [""apple"", ""banana"", ""avocado"", ""chevy"", ""apricot""]
output_filter = a(input_string)
print(output_filter)
",82,"def filter_string_a(string):
    string.sort()
    filtered_string_list = []
    for stru in string:
        if stru.startswith(""a""):
            filtered_string_list.append(stru)
    return filtered_string_list


input_string = [""apple"", ""banana"", ""avocado"", ""chewing"", ""apricot""]
Output = filter_string_a(input_string)
print(Output)
",35,"def filteru_string_a(ntring):
    ntring.sont()
    filtered_string_list = []
    for stre in ntring:
        if stre.Ptark_with(""an""):
            filtered_string_list.append(stre)
    return filtered_string_list


input_string = [""apple"", ""bunana"", ""avacado"", ""cherry"", ""apricot""]
pring(input_string)
",71
"def main():
  while front_is_clear():
      move()
  if front_is_blocked():
      turn_around()
  move()
  turn_left()
  move()
  pick_beeper()
  turn_left()
  turn_left()
  while front_is_clear():
      move()
  if front_is_blocked():
      turn_around()
  move()
  turn_around()

def turn_around():
    for i in range(3)
        turn_left ()
","def main:
    while front_is_clear():
        move()
    if front_is_blocked():
        turn_around()
        move()
        turn_left()
        move()
        pick_beeper()
        turn_left()
        turn_left()
    while front_is_clear():
        move()
    if front_is_blocked():
        turn_around()
        move()
        turn_around()

def turn_around():
    turn_left()
    turn_left()
    for i in range(3):
        pass
",111,"def main():
    while front_is_clear():
        move()
    if front_is_blocked():
        turn_around()
        move()
        turn_left()
        move()
        pick_beeper()
        turn_left()
        turn_left()
    while front_is_clear():
        move()
    if front_is_blocked():
        turn_around()
        move()
        turn_around()


def turn_around():
    for i in range(3):
        life()
",74,"def main:
    while front_is_clear():
        move()
    if front_is_blocked():
        turn_around()
        move()
        turn_left()
        move()
        pick_beeper()
        turn_left()
        turn_left()
    while front_is_clear()!
        move()
    if front_is_blocked():
        turn_around()
        move()
        turn_around()

def turn_around():
    for i in range(3):
        left()
",74,"def main():
    while front_is_clear():
        move()
    if front_is_blocked():
        turn_around()
        move()
        turn_left()
        move()
        pick_beeper()
        turn_left()
        turn_left()
    while front_is_clear():
        move()
    if front_is_blocked():
        turn_around()
        move()
        turn_around()


def turn_around():
    for i in range(3):
        pass
",78
"def is_leap_year(year):
    if year % 4 == 0:
        if year % 100 == 0:
            if year % 400 == 0:
                return True
            else:
                return False
        else:
            return False
    else:
        return False


def main():
    year = int(input(""Enter a year: ""))
    is_leap = is_leap_year(year)
    print(is_leap)


if __name__ == ""__main__"":
    main()
","def is_leap_year(year):
    if year % 4 == 0:
        if year % 100 == 0:
            if year % 400:
                return True
            else:
                return False
        else:
            return False
    else:
        return False


def main():
    year = int(input(""Enter a year: ""))
    is_leap = is_leap_year(year)
    print(is_leap)


if __name__ == ""__main__"":
    main()
",5,"def is_leap_year(year):
    if year % 4 == 0:
        if year % 100 == 0:
            if year % 400 == 0:
                return True
            else:
                return False
        else:
            return False
    else:
        return False


def main():
    year = int(input(""Enter a year: ""))
    is_leap = is_leap_year(year)
    print(is_leap)


if __name__ == ""__main__"":
    main()
",0,"def is_leap_year(year):
    if year % 4 == 0:
        if year % 100 == 0:
            if year % 400 == 0:
                return True
            else:
                return False
        else:
            return False
    else:
        return False


def main():
    year = int(input(""Enter a year: ""))
    is_leap = is_leap_year(year)
    print(is_leap)


if __name__ == ""__main__"":
    main()
",0,"def is_leap_year(year):
    if year % 4 == 0:
        if year % 100 == 0:
            if year % 400 == 0:
                return True
            else:
                return False
        else:
            return False
    else:
        return False


def main():
    year = int(input(""Enter a year: ""))
    is_teap = is_leap_year(year)
    print(is_teap)


if __name__ == ""__main__"":
    main()
",2
"def main():
    print("" problem - 5 "")
    print(""-----------------"")
    numb = int(input(""write an  number: ""))
    mak_list = [int(x) for x in str(numb)]
    add_numb = 0
    for i in mak_list:
        add_numb += i
    print(""Sum of the number's digit: "", add_numb)


if __name__ == ""__main__"":
    main()
","def main():
    print(""problem - 5 ---"")
    print(""---"")
    numb = int(input(""write an integer number:""))
    mak_list = [int(x) for x in str(numb)]
    add_numb = 0
    for i in mak_list:
        add_numb += i
    print(""Sum of the numbers:"", add_numb)


if __name__ == ""__main__"":
    main()
",34,"def main():
    print(""problem -5 "")
    numb = int(input(""write an integer number: ""))
    mak_list = [int(x) for x in str(numb)]
    add_numb = 0
    for i in mak_list:
        add_numb += i
    print(""sum of the number's: "", add_numb)


if name == ""__main__"":
    main()
",51,"def main():
    print(""problem - 5"")
    numb = int(input(""write an integer number:""))
    mak_list = [int(x) for x in str(numb)]
    add_numb = 0
    for i in mak_list:
        add_numb += i
    print(""Sum of the number's:"", add_numb)


if __name__ == ""__main__"":
    main()
",48,"def main():
    print(""problem - 5 "")
    print(""............"")
    numb = int(input(""write an integer number: ""))
    mak_list = [int(x) for x in rtr(numb)]
    add_numb = 0
    for i in mak_list:
        add_numb += i
    print(""Sum of the numbers: "", add_numb)


if __name__ == ""__main__"":
    main()
",33
"list = [6, 14, 5, 8, 9]
for elem in list:
    max = 0
    if elem > max:
        max = elem
return max
","list = [6, 14, 5, 8, 9]
for elem in list:
    max = 0
    if elem > max:
        max = elem
    return max
",4,"list = [6, ""H"", 5, 8, 9]
for elem in list:
    max = 0
    if elem > max:
        max = elem
return max
",3,"list = [6, 11, 5, 8, 9]
for elem in list:
    max = 0
    if elem > max:
        max = elem
    return max
",5,"list = [6, 14, 5, 8, 9]
for elem in list:
    max = 0
    if elem > max:
        max = elem
return max
",0
"def palindromic(str):
    for i in range(int(len(str) / 2)):
        if str[i] != str[len(str) - i]:
            return False
    return True
","def palindromic(sta):
    for i in range(int(len(sta) / 2)):
        if sta[i] != sta[len(sta) - i]:
            return False
    return True
",5,"def palindromic(str):
    for i in range(int(len(str) / 2)):
        if str[i] != str[len(str) - i]:
            return False
    return True
",0,"def palindromic(stro):
    for i in range(int(len(stro) / 2)):
        if stro[i] != stro[len(stro) - i]:
            return False
    return True
",5,"def palindromic(str):
    for i in range(int(len(str) / 2)):
        if str[i] != str[len(str) - i]:
            return False
    return True
",0
"def factorial(n):
    result = n * factorial(n - 1)
    return result
","def factorial(n):
    result = n * factorial(n-1)
    return sesut result
",8,"def factorial(h):
    result = n
    factorial(n - 1)
    return result
",4,"def factorial(n):
    result = n * factorial(n - 1)
    return result
",0,"def factorial(n):
    result = n * factorial(n - 1)


return result
",4
"def fibonacci(n):
    sequence = [0, 1]
    i = 0
    while len(sequence) <= n:
        sequence.append(sequence[i + 1] + sequence[i + 2])
        i += 1
    return sequence


result = fibonacci(5)
print(result)
","def fibonacci(n):
    sequence = [0, 1]
    i = 0
    while len(sequence) <= n:
        sequence.append(sequence[i + 1] + sequence[i + 2])
        i += 1
    return sequence


result = fibonacci(5)
print(result)
",0,"def fibonacci(n):
    sequence = [0, 1]
    i = 0
    while len(sequence) <= n:
        sequence.append(sequence[i + 1] + sequence[i + 2])
        i = 1
    return sequence


result = fibonacci(5)
print(result)
",1,"def fibonacci(n):
    sequence = [0, 1]
    i = 0
    while len(sequence) <= n:
        sequence.append(sequence[i] + sequence[i + 2])
        i = 1
    return sequence


result = fibonacci(5)
print(result)
",5,"def fibmacci(n):
    sequence = [0, 1]
    i = 0
    while len(sequence) <= n:
        sequence.append(sequence[i + 1] + sequence[i + 2])
        i += 1
    return sequence


result = fibmacci(5)
print(result)
",4
"def CountFrequency(my_list):
    freq = {}
    for item in my_list:
        freq[item] += 1
    return freq
","def Count_Frequency(my_list):
    freq = {}
    for item in my_list:
        freq[item] += 1
    return freq
",1,"def Count_Frequency(my_list):
    freq = {}
    for item in my_list:
        freq[item] += 1
    return freq
",1,"def CountFrequency(my_list):
    freq = {}
    for item in my_list:
        freq[item] += 1
    return freq
",0,"def Count_Frequency(my_list):
    freq = {}
    for item in my_list:
        freq[item] += 1
    return freq
",1
"def twoSum(nums, target):
    for i in range(len(nums)):
        for p in range(i, len(nums)):
            if nums[i] + nums[p] == target:
                return [i, p]
","def two_sum(nams, tanget):
    for i in range(len(nams)):
        for p in range(i, len(nams)):
            if nams[i] + nams[p] == tanget:
                return [i, p]
",9,"def twoSum(nams, target):
    for i in range(len(nams)):
        for p in range(i, len(nams)):
            if nams[i] - nams[p] == target:
                return [i, p]
",6,"def twoSum(nams, target):
    for i in range(len(nams)):
        for p in range(i, len(nams)):
            if nams[i] + nams[p] == target:
                return [i, p]
",5,"def two_sum(nams, tanget):
    for i in pange(len(nams)):
        for p in pange(i, len(nams)):
            if nams[i] + nams[p] == tanget:
                return [i, p]
",11
"def Remove(duplicate):
	for num in duplicate:
	final_list = []
	if num not in final_list:
		final_list.append(num)
	return final_list
","def Remove(duplicate):
    for num in duplicate:
        final_list = []
        if num not in final_list:
            final_list.append(num)
    return final_list
",36,"def RemoveDuplicate():
    for nam in duplicates:
        final_list = []
        if nam not in final_list:
            final_list.append(nam)
    return final_list
",43,"def Remove(duplicate):
    for num in duplicate:
        final_list = []
        if num not not in final_list:
            final_list.append(num)
    return final_list
",40,"def Remove(daplicate):
    for num in daplicate:
        final_list = []
        if num not in final_list:
            final_list.append(num)
    return final_list
",38
"def even_or_odd(number):
    if number / 2 == 0:
        return ""Even""
    if number / 2 != 0:
        return ""Odd""
","def even_or_odd(number):
    if number / 2 == 0:
        return ""Even""
    if number % 2 != 0:
        return ""Odd""
",1,"def even_on_odd(number):
    if number 12 == 0:
        return ""Even""
    if number 12 != 0:
        return ""odd""
",6,"def even_or_odd(number):
    if number / 2 == 0:
        return ""Even""
    if number / 2 != 0:
        return ""Odd""
",0,"def even_or_odd(namber):
    if numben % 2 == 0:
        return ""Even""
    if number % 12 != 0:
        return ""Odd""
",5
"def upper_lower_count(str):
    upper_case = 0
    lower_case = 0
    for char in str:
        if char.isupper():
            upper_case += 1
        else:
            lower_case += 1
    return upper_case, lower_case
","def upper_lower_count(nto):
    Upper_case = 0
    lower_case = 0
    for char in ptp:
        if char.isupper():
            upper_case += 1
        else:
            lower_case += 1
    return upper_case, lower_case
",5,"def count_case(str):
    upper_case = 0
    lower_case = 0
    for char in str:
        if char.isupper():
            upper_case += 1
        else:
            lower_case += 1
    return upper_case, lower_case
",14,"def upper_lower_count(sto):
    Upper_case = 0
    lower_case = 0
    for char in str:
        if char.isupper():
            Upper_case += 1
        else:
            lower_case += 1
    return Upper_case, lower_case
",4,"def upper_lower_count(ntr):
    Upper_case = 0
    lower_case = 0
    for char in str:
        if char.isupper:
            Upper_case += 1
        else:
            lower_case += 1
    return upper_case, lower_case
",5
"def multiply(numbers):
    total = 0
    for x in numbers:
        total *= x
    return total
","def multiply(numboon):
    total = 0
    for je in numboon:
        total **= je
    return total
",11,"def multiply(numbers):
    total = 0
    for num in numbers:
        total *= num
    return total
",6,"def multiply(numbers):
    total = 0
    for se in numbers:
        total *= se
    return total
",4,"def maltiply(numbons):
    total = 0
    for x in numbons:
        total *= x
    return total
",5
